John,Doe,john.doe@example.com,01/01/2000,01/09/2022,MF,0
Alice,Smith,alice.smith@example.com,15/05/2001,01/09/2022,SEF,1
Bob,Johnson,bob.johnson@example.com,20/11/1999,01/09/2022,FTF,0
Eva,White,eva.white@example.com,03/07/2002,01/09/2022,UAF,1
Michael,Clark,michael.clark@example.com,12/12/1998,01/09/2022,VMF,0
Sara,Brown,sara.brown@example.com,10/03/2001,01/09/2022,MEF,1
Chris,Miller,chris.miller@example.com,25/08/2000,01/09/2022,CSF,0
Sophie,Wilson,sophie.wilson@example.com,05/04/1999,01/09/2022,CEF,1
David,Lee,david.lee@example.com,08/09/2001,01/09/2022,CEF,0
Emma,Thomas,emma.thomas@example.com,22/06/2002,01/09/2022,BF,1